SubjectID,Treatment,Outcome
1,Placebo,11.732326210871912
2,Placebo,9.625726853720378
3,Placebo,12.936843591924799
4,Placebo,14.784764623123134
5,Placebo,6.394166445181986
6,Drug,5.870893457658382
7,Placebo,13.163036532826748
8,Drug,9.883439550013401
9,Placebo,12.040857012649099
10,Drug,13.987524700749535
11,Placebo,13.850348570272345
12,Placebo,4.725238991112768
13,Placebo,11.842917712545146
14,Placebo,14.549074237957363
15,Drug,9.412067768377558
16,Placebo,7.548381171383668
17,Drug,7.161616878494003
18,Placebo,10.661916729763252
19,Drug,8.197799460010646
20,Drug,9.542301850245789
