PatientID,Timepoint,Score
1,Pre,66.24345363663241
1,Post,43.882435863499246
2,Pre,44.71828247736544
2,Post,39.27031377843829
3,Pre,58.65407629324679
3,Post,26.984613031197174
4,Pre,67.4481176421648
4,Post,42.387930991048975
5,Pre,53.19039096057099
5,Post,47.5062962452259
6,Pre,64.62107937044973
6,Post,29.39859290502346
7,Pre,46.77582795986493
7,Post,46.15945645331584
8,Pre,61.33769442335438
8,Post,39.00108732685969
9,Pre,48.275717924495645
9,Post,41.221415820786284
10,Pre,50.42213746715593
10,Post,55.82815213715822
11,Pre,38.99380822787079
11,Post,61.447237098396144
12,Pre,59.01590720592796
12,Post,55.02494338901868
13,Pre,59.00855949264412
13,Post,43.16272140825667
14,Pre,48.77109774481352
14,Post,40.64230565740931
15,Pre,47.32111920373984
15,Post,55.30355466738186
16,Pre,43.08339248274691
16,Post,46.03246473144023
17,Pre,43.12827299880401
17,Post,41.5479435850128
18,Pre,43.28753869163181
18,Post,49.873354010810985
19,Pre,38.82689651364722
19,Post,52.34415697817092
20,Pre,66.5980217710987
20,Post,57.420441605773355
21,Pre,48.08164447638385
21,Post,41.12371035915164
22,Pre,42.52841706249163
22,Post,66.92454601027747
23,Pre,50.50807754776029
23,Post,43.630043534306466
24,Pre,51.90915484667466
24,Post,71.00255136478842
25,Pre,51.20158952481629
25,Post,56.17203109707419
26,Pre,53.00170319955828
26,Post,46.47750153506481
27,Pre,38.5748180197786
27,Post,46.50657277587123
28,Pre,47.91105766625222
28,Post,55.86623191182198
29,Pre,58.38983413874505
29,Post,59.31102081303557
30,Pre,52.85587325254259
30,Post,58.851411642707276
